<?xml version="1.0" encoding="UTF-8"?>
<gmd:MD_Metadata xmlns:gco="http://www.isotc211.org/2005/gco"
    xmlns:gmd="http://www.isotc211.org/2005/gmd"
    xmlns:gml="http://www.opengis.net/gml"
    xmlns:gts="http://www.isotc211.org/2005/gts" xmlns:xsi="http://www.w3.org/2001/XMLSchema-instance">
    <gmd:fileIdentifier>
        <gco:CharacterString>spaignBCN500serie2015</gco:CharacterString>
    </gmd:fileIdentifier>
    <gmd:language>
        <gmd:LanguageCode
            codeList="./resources/codeList.xml#LanguageCode" codeListValue="spa">spa</gmd:LanguageCode>
    </gmd:language>
    <gmd:characterSet>
        <gmd:MD_CharacterSetCode
            codeList="./resources/codeList.xml#MD_CharacterSetCode" codeListValue="utf8">utf8</gmd:MD_CharacterSetCode>
    </gmd:characterSet>
    <gmd:parentIdentifier gco:nilReason="missing"/>
    <gmd:hierarchyLevel>
        <gmd:MD_ScopeCode
            codeList="./resources/codeList.xml#MD_ScopeCode" codeListValue="series">series</gmd:MD_ScopeCode>
    </gmd:hierarchyLevel>
    <gmd:hierarchyLevelName gco:nilReason="missing"/>
    <gmd:contact>
        <gmd:CI_ResponsibleParty>
            <gmd:individualName gco:nilReason="missing"/>
            <gmd:organisationName>
                <gco:CharacterString>Instituto Geográfico Nacional (IGN)</gco:CharacterString>
            </gmd:organisationName>
            <gmd:positionName gco:nilReason="missing"/>
            <gmd:contactInfo>
                <gmd:CI_Contact>
                    <gmd:address>
                        <gmd:CI_Address>
                            <gmd:electronicMailAddress>
                                <gco:CharacterString>ign@fomento.es</gco:CharacterString>
                            </gmd:electronicMailAddress>
                        </gmd:CI_Address>
                    </gmd:address>
                    <gmd:onlineResource>
                        <gmd:CI_OnlineResource>
                            <gmd:linkage>
                                <gmd:URL>ign@fomento.es</gmd:URL>
                            </gmd:linkage>
                        </gmd:CI_OnlineResource>
                    </gmd:onlineResource>
                </gmd:CI_Contact>
            </gmd:contactInfo>
            <gmd:role>
                <gmd:CI_RoleCode
                    codeList="./resources/codeList.xml#CI_RoleCode" codeListValue="pointOfContact">pointOfContact</gmd:CI_RoleCode>
            </gmd:role>
        </gmd:CI_ResponsibleParty>
    </gmd:contact>
    <gmd:dateStamp>
        <gco:Date>2013-07-23</gco:Date>
    </gmd:dateStamp>
    <gmd:metadataStandardName>
        <gco:CharacterString>NEM:ISO 19115:2003 +Reglamento (CE) Nº 1205/2008 de Inspire</gco:CharacterString>
    </gmd:metadataStandardName>
    <gmd:metadataStandardVersion>
        <gco:CharacterString>1.2</gco:CharacterString>
    </gmd:metadataStandardVersion>
    <gmd:referenceSystemInfo>
        <gmd:MD_ReferenceSystem>
            <gmd:referenceSystemIdentifier>
                <gmd:RS_Identifier>                    
                    <gmd:code>
                        <gco:CharacterString>http://www.opengis.net/def/crs/EPSG/0/4258</gco:CharacterString>
                    </gmd:code>
                </gmd:RS_Identifier>
            </gmd:referenceSystemIdentifier>
        </gmd:MD_ReferenceSystem>
    </gmd:referenceSystemInfo>
    <gmd:identificationInfo>
        <gmd:MD_DataIdentification>
            <gmd:citation>
                <gmd:CI_Citation>
                    <gmd:title>
                        <gco:CharacterString>Base Cartográfica Nacional 1:500.000 </gco:CharacterString>
                    </gmd:title>
                    <gmd:alternateTitle>
                        <gco:CharacterString>BCN500</gco:CharacterString>
                    </gmd:alternateTitle>
                    <gmd:date>
                        <gmd:CI_Date>
                            <gmd:date>
                                <gco:Date>2009-06-01</gco:Date>
                            </gmd:date>
                            <gmd:dateType>
                                <gmd:CI_DateTypeCode
                                    codeList="./resources/codeList.xml#CI_DateTypeCode" codeListValue="creation">creation</gmd:CI_DateTypeCode>
                            </gmd:dateType>
                        </gmd:CI_Date>
                    </gmd:date>
                    <gmd:date>
                        <gmd:CI_Date>
                            <gmd:date>
                                <gco:Date>2011-12-01</gco:Date>
                            </gmd:date>
                            <gmd:dateType>
                                <gmd:CI_DateTypeCode
                                    codeList="./resources/codeList.xml#CI_DateTypeCode" codeListValue="revision">revision</gmd:CI_DateTypeCode>
                            </gmd:dateType>
                        </gmd:CI_Date>
                    </gmd:date>
					 <gmd:date>
                        <gmd:CI_Date>
                            <gmd:date>
                                <gco:Date>2015-09-01</gco:Date>
                            </gmd:date>
                            <gmd:dateType>
                                <gmd:CI_DateTypeCode
                                    codeList="./resources/codeList.xml#CI_DateTypeCode" codeListValue="revision">actualización</gmd:CI_DateTypeCode>
                            </gmd:dateType>
                        </gmd:CI_Date>
                    </gmd:date>
                    <gmd:date>
                        <gmd:CI_Date>
                            <gmd:date>
                                <gco:Date>2015-09-01</gco:Date>
                            </gmd:date>
                            <gmd:dateType>
                                <gmd:CI_DateTypeCode
                                    codeList="./resources/codeList.xml#CI_DateTypeCode" codeListValue="publication">publication</gmd:CI_DateTypeCode>
                            </gmd:dateType>
                        </gmd:CI_Date>
                    </gmd:date>
                    <gmd:identifier>
                        <gmd:RS_Identifier>
                            <gmd:code>
                                <gco:CharacterString>BCN500</gco:CharacterString>
                            </gmd:code>
                            <gmd:codeSpace>
                                <gco:CharacterString>http://www.ign.es</gco:CharacterString>
                            </gmd:codeSpace>
                        </gmd:RS_Identifier>
                    </gmd:identifier>
                    <gmd:presentationForm>
                        <gmd:CI_PresentationFormCode
                            codeList="./resources/codeList.xml#CI_PresentationFormCode" codeListValue="mapDigital">mapDigital</gmd:CI_PresentationFormCode>
                    </gmd:presentationForm>
                </gmd:CI_Citation>
            </gmd:citation>
            <gmd:abstract>
                <gco:CharacterString>Base Cartográfica Nacional a escala 1:500.000 en formato shapefile, con estructura y formato adaptados a su explotación mediante sistemas de información geográfica (SIG). Está disponible para descarga como un SIG continuo para toda España y también por capas temáticas (Unidades Administrativas, Hidrografía, Poblaciones, Comunicaciones, Toponimia, Redes de Control). Sistema geodésico de referencia ETRS89 y coordenadas geográficas longitud y latitud (sin proyección cartográfica). Información auxiliar disponible en: http://centrodedescargas.cnig.es/CentroDescargas/documentos/Doc_auxiliar_BCN500.zip</gco:CharacterString>
            </gmd:abstract>
            <gmd:purpose>
                <gco:CharacterString>El fin es proporcionar una base de datos cartográfica continua y multipropósito que almacena la información geográfica a escala 1:500.000 con capacidad de consulta y análisis sobre dicha información y que permita generar diferentes productos cartográficos. Este recurso va destinado a todo tipo de usuarios (empresas, administraciones, etc.), para todo tipo de aplicaciones y sobre todo tipo de plataformas (sistemas vectoriales, ráster, orientados a objetos, etc.). La principal aplicación de esta información es servir de referencia geográfica a escala intermedia. Estos datos han sido creado con el objetivo de actualizar la escala 1:500.000. Por un lado, crear un mapa digital que será incluido como una serie más dentro de las escalas de cartografía que realiza el IGN y estará disponible para todo tipo de usuarios a través de la plataforma IBERPIX; SIGNA, etc. del Instituto Geográfico Nacional y, por otro lado, proporcionar una primera versión del Mapa de España a escala 1: 500.000, que permitirá actualizar el mapa incluido en el Atlas Nacional de España (ANE). Servir de soporte para otros proyectos dentro del IGN.</gco:CharacterString>
            </gmd:purpose>
            <gmd:status>
                <gmd:MD_ProgressCode
                    codeList="./resources/codeList.xml#MD_ProgressCode" codeListValue="completed">completed</gmd:MD_ProgressCode>
            </gmd:status>
            <gmd:pointOfContact>
                <gmd:CI_ResponsibleParty>
                    <gmd:individualName gco:nilReason="missing"/>
                    <gmd:organisationName>
                        <gco:CharacterString>Instituto Geográfico Nacional (IGN)</gco:CharacterString>
                    </gmd:organisationName>
                    <gmd:positionName gco:nilReason="missing"/>
                    <gmd:contactInfo>
                        <gmd:CI_Contact>
                            <gmd:address>
                                <gmd:CI_Address>
                                    <gmd:electronicMailAddress>
                                    <gco:CharacterString>ign@fomento.es</gco:CharacterString>
                                    </gmd:electronicMailAddress>
                                </gmd:CI_Address>
                            </gmd:address>
                            <gmd:onlineResource>
                                <gmd:CI_OnlineResource>
                                    <gmd:linkage>
                                    <gmd:URL>www.ign.es</gmd:URL>
                                    </gmd:linkage>
                                </gmd:CI_OnlineResource>
                            </gmd:onlineResource>
                        </gmd:CI_Contact>
                    </gmd:contactInfo>
                    <gmd:role>
                        <gmd:CI_RoleCode
                            codeList="./resources/codeList.xml#CI_RoleCode" codeListValue="pointOfContact">pointOfContact</gmd:CI_RoleCode>
                    </gmd:role>
                </gmd:CI_ResponsibleParty>
            </gmd:pointOfContact>
            <gmd:resourceMaintenance>
                <gmd:MD_MaintenanceInformation>
                    <gmd:maintenanceAndUpdateFrequency>
                        <gmd:MD_MaintenanceFrequencyCode
                            codeList="./resources/codeList.xml#MD_MaintenanceFrequencyCode" codeListValue="notPlanned">notPlanned</gmd:MD_MaintenanceFrequencyCode>
                    </gmd:maintenanceAndUpdateFrequency>
                </gmd:MD_MaintenanceInformation>
            </gmd:resourceMaintenance>
            <gmd:descriptiveKeywords>
                <gmd:MD_Keywords>
                    <gmd:keyword>
                        <gco:CharacterString>Cubierta terrestre</gco:CharacterString>
                    </gmd:keyword>
                    <gmd:type>
                        <gmd:MD_KeywordTypeCode
                            codeList="./resources/codeList.xml#MD_KeywordTypeCode" codeListValue="theme">theme</gmd:MD_KeywordTypeCode>
                    </gmd:type>
                    <gmd:thesaurusName>
                        <gmd:CI_Citation>
                            <gmd:title>
                                <gco:CharacterString>GEMET – INSPIRE themes</gco:CharacterString>
                            </gmd:title>
                            <gmd:date>
                                <gmd:CI_Date>
                                    <gmd:date>
                                    <gco:Date>2008-12-05</gco:Date>
                                    </gmd:date>
                                    <gmd:dateType>
                                    <gmd:CI_DateTypeCode
                                    codeList="./resources/codeList.xml#CI_DateTypeCode" codeListValue="publication">publication</gmd:CI_DateTypeCode>
                                    </gmd:dateType>
                                </gmd:CI_Date>
                            </gmd:date>
                        </gmd:CI_Citation>
                    </gmd:thesaurusName>
                </gmd:MD_Keywords>
            </gmd:descriptiveKeywords>
            <gmd:descriptiveKeywords>
                <gmd:MD_Keywords>
                    <gmd:keyword>
                        <gco:CharacterString>Redes de transporte</gco:CharacterString>
                    </gmd:keyword>
                    <gmd:type>
                        <gmd:MD_KeywordTypeCode
                            codeList="./resources/codeList.xml#MD_KeywordTypeCode" codeListValue="theme">theme</gmd:MD_KeywordTypeCode>
                    </gmd:type>
                    <gmd:thesaurusName>
                        <gmd:CI_Citation>
                            <gmd:title>
                                <gco:CharacterString>GEMET – INSPIRE themes</gco:CharacterString>
                            </gmd:title>
                            <gmd:date>
                                <gmd:CI_Date>
                                    <gmd:date>
                                    <gco:Date>2008-12-05</gco:Date>
                                    </gmd:date>
                                    <gmd:dateType>
                                    <gmd:CI_DateTypeCode
                                    codeList="./resources/codeList.xml#CI_DateTypeCode" codeListValue="publication">publication</gmd:CI_DateTypeCode>
                                    </gmd:dateType>
                                </gmd:CI_Date>
                            </gmd:date>
                        </gmd:CI_Citation>
                    </gmd:thesaurusName>
                </gmd:MD_Keywords>
            </gmd:descriptiveKeywords>
            <gmd:descriptiveKeywords>
                <gmd:MD_Keywords>
                    <gmd:keyword>
                        <gco:CharacterString>Hidrografía</gco:CharacterString>
                    </gmd:keyword>
                    <gmd:type>
                        <gmd:MD_KeywordTypeCode
                            codeList="./resources/codeList.xml#MD_KeywordTypeCode" codeListValue="theme">theme</gmd:MD_KeywordTypeCode>
                    </gmd:type>
                    <gmd:thesaurusName>
                        <gmd:CI_Citation>
                            <gmd:title>
                                <gco:CharacterString>GEMET – INSPIRE themes</gco:CharacterString>
                            </gmd:title>
                            <gmd:date>
                                <gmd:CI_Date>
                                    <gmd:date>
                                    <gco:Date>2008-12-05</gco:Date>
                                    </gmd:date>
                                    <gmd:dateType>
                                    <gmd:CI_DateTypeCode
                                    codeList="./resources/codeList.xml#CI_DateTypeCode" codeListValue="publication">publication</gmd:CI_DateTypeCode>
                                    </gmd:dateType>
                                </gmd:CI_Date>
                            </gmd:date>
                        </gmd:CI_Citation>
                    </gmd:thesaurusName>
                </gmd:MD_Keywords>
            </gmd:descriptiveKeywords>
            <gmd:descriptiveKeywords>
                <gmd:MD_Keywords>
                    <gmd:keyword>
                        <gco:CharacterString>IGN</gco:CharacterString>
                    </gmd:keyword>
                </gmd:MD_Keywords>
            </gmd:descriptiveKeywords>
            <gmd:descriptiveKeywords>
                <gmd:MD_Keywords>
                    <gmd:keyword>
                        <gco:CharacterString>ESPAÑA</gco:CharacterString>
                    </gmd:keyword>
                    <gmd:type>
                        <gmd:MD_KeywordTypeCode
                            codeList="./resources/codeList.xml#MD_KeywordTypeCode" codeListValue="place">place</gmd:MD_KeywordTypeCode>
                    </gmd:type>
                    <gmd:thesaurusName>
                        <gmd:CI_Citation>
                            <gmd:title>
                                <gco:CharacterString>EuropeanTerritorialUnits</gco:CharacterString>
                            </gmd:title>
                            <gmd:date>
                                <gmd:CI_Date>
                                    <gmd:date>
                                    <gco:Date>2008-10-21</gco:Date>
                                    </gmd:date>
                                    <gmd:dateType>
                                    <gmd:CI_DateTypeCode
                                    codeList="./resources/codeList.xml#CI_DateTypeCode" codeListValue="publication">publication</gmd:CI_DateTypeCode>
                                    </gmd:dateType>
                                </gmd:CI_Date>
                            </gmd:date>
                            <gmd:identifier gco:nilReason="inapplicable"/>
                        </gmd:CI_Citation>
                    </gmd:thesaurusName>
                </gmd:MD_Keywords>
            </gmd:descriptiveKeywords>
            <gmd:descriptiveKeywords>
                <gmd:MD_Keywords>
                    <gmd:keyword>
                        <gco:CharacterString>Nombres geográficos</gco:CharacterString>
                    </gmd:keyword>
                    <gmd:type>
                        <gmd:MD_KeywordTypeCode
                            codeList="./resources/codeList.xml#MD_KeywordTypeCode" codeListValue="theme">theme</gmd:MD_KeywordTypeCode>
                    </gmd:type>
                    <gmd:thesaurusName>
                        <gmd:CI_Citation>
                            <gmd:title>
                                <gco:CharacterString>GEMET - INSPIRE themes, version 1.0</gco:CharacterString>
                            </gmd:title>
                            <gmd:date>
                                <gmd:CI_Date>
                                    <gmd:date>
                                    <gco:Date>2008-06-01</gco:Date>
                                    </gmd:date>
                                    <gmd:dateType>
                                    <gmd:CI_DateTypeCode
                                    codeList="./resources/codeList.xml#CI_DateTypeCode" codeListValue="publication">publication</gmd:CI_DateTypeCode>
                                    </gmd:dateType>
                                </gmd:CI_Date>
                            </gmd:date>
                            <gmd:identifier gco:nilReason="inapplicable"/>
                        </gmd:CI_Citation>
                    </gmd:thesaurusName>
                </gmd:MD_Keywords>
            </gmd:descriptiveKeywords>
            <gmd:descriptiveKeywords>
                <gmd:MD_Keywords>
                    <gmd:keyword>
                        <gco:CharacterString>Unidades administrativas</gco:CharacterString>
                    </gmd:keyword>
                    <gmd:type>
                        <gmd:MD_KeywordTypeCode
                            codeList="./resources/codeList.xml#MD_KeywordTypeCode" codeListValue="theme">theme</gmd:MD_KeywordTypeCode>
                    </gmd:type>
                    <gmd:thesaurusName>
                        <gmd:CI_Citation>
                            <gmd:title>
                                <gco:CharacterString>GEMET - INSPIRE themes, version 1.0</gco:CharacterString>
                            </gmd:title>
                            <gmd:date>
                                <gmd:CI_Date>
                                    <gmd:date>
                                    <gco:Date>2008-06-01</gco:Date>
                                    </gmd:date>
                                    <gmd:dateType>
                                    <gmd:CI_DateTypeCode
                                    codeList="./resources/codeList.xml#CI_DateTypeCode" codeListValue="publication">publication</gmd:CI_DateTypeCode>
                                    </gmd:dateType>
                                </gmd:CI_Date>
                            </gmd:date>
                            <gmd:identifier gco:nilReason="inapplicable"/>
                        </gmd:CI_Citation>
                    </gmd:thesaurusName>
                </gmd:MD_Keywords>
            </gmd:descriptiveKeywords>
            <gmd:resourceSpecificUsage>
                <gmd:MD_Usage>
                    <gmd:specificUsage>
                        <gco:CharacterString>Es utilizado como cartografía general para la representación del territorio a escala 1: 500 000 en los visualizadores cartográficos del Instituto Geográfico Nacional y otros de la Administración General del Estado. Proyectos que incluyen estos datos: Iberpix, Sistema de Información Geográfico Nacional (SIGNA), Infraestructura de Datos Espaciales de España (IDEE).</gco:CharacterString>
                    </gmd:specificUsage>
                    <gmd:userContactInfo>
                        <gmd:CI_ResponsibleParty>
                            <gmd:individualName gco:nilReason="missing"/>
                            <gmd:organisationName>
                                <gco:CharacterString>Instituto Geográfico Nacional (IGN)</gco:CharacterString>
                            </gmd:organisationName>
                            <gmd:positionName gco:nilReason="missing"/>
                            <gmd:contactInfo>
                                <gmd:CI_Contact>
                                    <gmd:address>
                                    <gmd:CI_Address>
                                    <gmd:electronicMailAddress>
                                    <gco:CharacterString>ign@fomento.es</gco:CharacterString>
                                    </gmd:electronicMailAddress>
                                    </gmd:CI_Address>
                                    </gmd:address>
                                </gmd:CI_Contact>
                            </gmd:contactInfo>
                            <gmd:role>
                                <gmd:CI_RoleCode
                                    codeList="./resources/codeList.xml#CI_RoleCode" codeListValue="user">user</gmd:CI_RoleCode>
                            </gmd:role>
                        </gmd:CI_ResponsibleParty>
                    </gmd:userContactInfo>
                </gmd:MD_Usage>
            </gmd:resourceSpecificUsage>
            <gmd:resourceSpecificUsage>
                <gmd:MD_Usage>
                    <gmd:specificUsage>
                        <gco:CharacterString>Es utilizado como fuente de datos para la formación del Mapa de España a escala 1: 500 000 del Instituto Geográfico Nacional para su inclusión en el Atlas Nacional de España (ANE).</gco:CharacterString>
                    </gmd:specificUsage>
                    <gmd:userContactInfo>
                        <gmd:CI_ResponsibleParty>
                            <gmd:individualName gco:nilReason="missing"/>
                            <gmd:organisationName>
                                <gco:CharacterString>Instituto Geográfico Nacional (IGN)</gco:CharacterString>
                            </gmd:organisationName>
                            <gmd:positionName gco:nilReason="missing"/>
                            <gmd:contactInfo>
                                <gmd:CI_Contact>
                                    <gmd:address>
                                    <gmd:CI_Address>
                                    <gmd:electronicMailAddress>
                                    <gco:CharacterString>ign@fomento.es</gco:CharacterString>
                                    </gmd:electronicMailAddress>
                                    </gmd:CI_Address>
                                    </gmd:address>
                                </gmd:CI_Contact>
                            </gmd:contactInfo>
                            <gmd:role>
                                <gmd:CI_RoleCode
                                    codeList="./resources/codeList.xml#CI_RoleCode" codeListValue="user">user</gmd:CI_RoleCode>
                            </gmd:role>
                        </gmd:CI_ResponsibleParty>
                    </gmd:userContactInfo>
                </gmd:MD_Usage>
            </gmd:resourceSpecificUsage>
            <gmd:resourceConstraints>
                <gmd:MD_Constraints>
                    <gmd:useLimitation>
                        <gco:CharacterString>Condiciones al descargar el producto en el Centro de Descargas:http://centrodedescargas.cnig.es/CentroDescargas/cambiarMenu.do?destino=presentacion</gco:CharacterString>
                    </gmd:useLimitation>
                </gmd:MD_Constraints>
            </gmd:resourceConstraints>
            <gmd:resourceConstraints>
                <gmd:MD_LegalConstraints>
                    <gmd:useLimitation gco:nilReason="missing"/>
                    <gmd:accessConstraints>
                        <gmd:MD_RestrictionCode
                            codeList="./resources/codeList.xml#MD_RestrictionCode" codeListValue="license">license</gmd:MD_RestrictionCode>
                    </gmd:accessConstraints>
                    <gmd:otherConstraints>
                        <gco:CharacterString>Descarga gratuita u obtención de información geográfica digital para uso no comercial, con aceptación de licencia de uso: 
    Licencia para uso no comercial del producto descargado: 
    http://centrodedescargas.cnig.es/CentroDescargas/cambiarMenu.do?destino=infoUsoNoComercial   
    Licencia para uso comercial del producto descargado: 
    http://centrodedescargas.cnig.es/CentroDescargas/cambiarMenu.do?destino=infoTipoComercial</gco:CharacterString>
                    </gmd:otherConstraints>
                </gmd:MD_LegalConstraints>
            </gmd:resourceConstraints>
            <gmd:spatialRepresentationType>
                <gmd:MD_SpatialRepresentationTypeCode
                    codeList="./resources/codeList.xml#MD_SpatialRepresentationTypeCode" codeListValue="vector">vector</gmd:MD_SpatialRepresentationTypeCode>
            </gmd:spatialRepresentationType>
            <gmd:spatialResolution>
                <gmd:MD_Resolution>
                    <gmd:equivalentScale>
                        <gmd:MD_RepresentativeFraction>
                            <gmd:denominator>
                                <gco:Integer>500000</gco:Integer>
                            </gmd:denominator>
                        </gmd:MD_RepresentativeFraction>
                    </gmd:equivalentScale>
                </gmd:MD_Resolution>
            </gmd:spatialResolution>
            <gmd:language>
                <gmd:LanguageCode
                    codeList="./resources/codeList.xml#LanguageCode" codeListValue="spa">spa</gmd:LanguageCode>
            </gmd:language>
            <gmd:language>
                <gmd:LanguageCode
                    codeList="./resources/codeList.xml#LanguageCode" codeListValue="eu">eu</gmd:LanguageCode>
            </gmd:language>
            <gmd:language>
                <gmd:LanguageCode
                    codeList="./resources/codeList.xml#LanguageCode" codeListValue="gl">gl</gmd:LanguageCode>
            </gmd:language>
            <gmd:language>
                <gmd:LanguageCode
                    codeList="./resources/codeList.xml#LanguageCode" codeListValue="ca">ca</gmd:LanguageCode>
            </gmd:language>
            <gmd:language>
                <gmd:LanguageCode
                    codeList="./resources/codeList.xml#LanguageCode" codeListValue="por">por</gmd:LanguageCode>
            </gmd:language>
            <gmd:language>
                <gmd:LanguageCode
                    codeList="./resources/codeList.xml#LanguageCode" codeListValue="fr">fr</gmd:LanguageCode>
            </gmd:language>
            <gmd:characterSet>
                <gmd:MD_CharacterSetCode
                    codeList="./resources/codeList.xml#MD_CharacterSetCode" codeListValue="utf8">utf8</gmd:MD_CharacterSetCode>
            </gmd:characterSet>
            <gmd:topicCategory>
                <gmd:MD_TopicCategoryCode>imageryBaseMapsEarthCover</gmd:MD_TopicCategoryCode>
            </gmd:topicCategory>
            <gmd:topicCategory>
                <gmd:MD_TopicCategoryCode>boundaries</gmd:MD_TopicCategoryCode>
            </gmd:topicCategory>
            <gmd:topicCategory>
                <gmd:MD_TopicCategoryCode>location</gmd:MD_TopicCategoryCode>
            </gmd:topicCategory>
            <gmd:extent>
                <gmd:EX_Extent>
                    <gmd:description gco:nilReason="missing"/>
                    <gmd:geographicElement>
                        <gmd:EX_GeographicBoundingBox>
                            <gmd:westBoundLongitude>
                                <gco:Decimal>-19.00</gco:Decimal>
                            </gmd:westBoundLongitude>
                            <gmd:eastBoundLongitude>
                                <gco:Decimal>4.30</gco:Decimal>
                            </gmd:eastBoundLongitude>
                            <gmd:southBoundLatitude>
                                <gco:Decimal>27.60</gco:Decimal>
                            </gmd:southBoundLatitude>
                            <gmd:northBoundLatitude>
                                <gco:Decimal>44.00</gco:Decimal>
                            </gmd:northBoundLatitude>
                        </gmd:EX_GeographicBoundingBox>
                    </gmd:geographicElement>
                    <gmd:temporalElement gco:nilReason="missing"/>
                    <gmd:verticalElement gco:nilReason="missing"/>
                </gmd:EX_Extent>
            </gmd:extent>
        </gmd:MD_DataIdentification>
    </gmd:identificationInfo>
    <gmd:distributionInfo>
        <gmd:MD_Distribution>
            <gmd:distributionFormat>
                <gmd:MD_Format>
                    <gmd:name>
                        <gco:CharacterString>SHP</gco:CharacterString>
                    </gmd:name>
                    <gmd:version>
                        <gco:CharacterString>Desconocida</gco:CharacterString>
                    </gmd:version>
                </gmd:MD_Format>
            </gmd:distributionFormat>
            <gmd:distributor>
                <gmd:MD_Distributor>
                    <gmd:distributorContact>
                        <gmd:CI_ResponsibleParty>
                            <gmd:individualName gco:nilReason="missing"/>
                            <gmd:organisationName>
                                <gco:CharacterString>Centro Nacional de Información Geográfica (CNIG)</gco:CharacterString>
                            </gmd:organisationName>
                            <gmd:positionName gco:nilReason="missing"/>
                            <gmd:contactInfo>
                                <gmd:CI_Contact>
                                    <gmd:address>
                                    <gmd:CI_Address>
                                    <gmd:electronicMailAddress>
                                    <gco:CharacterString>consulta@cnig.es</gco:CharacterString>
                                    </gmd:electronicMailAddress>
                                    </gmd:CI_Address>
                                    </gmd:address>
                                </gmd:CI_Contact>
                            </gmd:contactInfo>
                            <gmd:role>
                                <gmd:CI_RoleCode
                                    codeList="./resources/codeList.xml#CI_RoleCode" codeListValue="distributor">distributor</gmd:CI_RoleCode>
                            </gmd:role>
                        </gmd:CI_ResponsibleParty>
                    </gmd:distributorContact>
                </gmd:MD_Distributor>
            </gmd:distributor>
            <gmd:transferOptions>
                <gmd:MD_DigitalTransferOptions>
                    <gmd:onLine>
                        <gmd:CI_OnlineResource>
                            <gmd:linkage>
                                <gmd:URL>http://centrodedescargas.cnig.es/CentroDescargas/busquedaSerie.do?codSerie=BC500</gmd:URL>
                            </gmd:linkage>
                            <gmd:description>
                                <gco:CharacterString>Enlace de descarga</gco:CharacterString>
                            </gmd:description>
                            <gmd:function>
                                <gmd:CI_OnLineFunctionCode
                                    codeList="./resources/codeList.xml#CI_OnLineFunctionCode" codeListValue="download">download</gmd:CI_OnLineFunctionCode>
                            </gmd:function>
                        </gmd:CI_OnlineResource>
                    </gmd:onLine>
                </gmd:MD_DigitalTransferOptions>
            </gmd:transferOptions>
        </gmd:MD_Distribution>
    </gmd:distributionInfo>
    <gmd:dataQualityInfo>
        <gmd:DQ_DataQuality>
            <gmd:scope>
                <gmd:DQ_Scope>
                    <gmd:level>
                        <gmd:MD_ScopeCode
                            codeList="./resources/codeList.xml#MD_ScopeCode" codeListValue="series">series</gmd:MD_ScopeCode>
                    </gmd:level>
                    <gmd:levelDescription gco:nilReason="missing"/>
                </gmd:DQ_Scope>
            </gmd:scope>
            <gmd:report>
                <gmd:DQ_DomainConsistency>
                    <gmd:result>
                        <gmd:DQ_ConformanceResult>
                            <gmd:specification>
                                <gmd:CI_Citation>
                                    <gmd:title>
                                    <gco:CharacterString>REGLAMENTO (UE) N o 1089/2010 DE LA COMISIÓN de 23 de noviembre de 2010 por el que se aplica la Directiva 2007/2/CE del Parlamento Europeo y del Consejo en lo que se refiere a la interoperabilidad de los conjuntos y los servicios de datos espaciales</gco:CharacterString>
                                    </gmd:title>
                                    <gmd:date>
                                    <gmd:CI_Date>
                                    <gmd:date>
                                    <gco:Date>2010-12-08</gco:Date>
                                    </gmd:date>
                                    <gmd:dateType>
                                    <gmd:CI_DateTypeCode
                                    codeList="./resources/codeList.xml#CI_DateTypeCode" codeListValue="publication">publication</gmd:CI_DateTypeCode>
                                    </gmd:dateType>
                                    </gmd:CI_Date>
                                    </gmd:date>
                                </gmd:CI_Citation>
                            </gmd:specification>
                            <gmd:explanation>
                                <gco:CharacterString>Consultar el reglamento mencionado</gco:CharacterString>
                            </gmd:explanation>
                            <gmd:pass>
                                <gco:Boolean>false</gco:Boolean>
                            </gmd:pass>
                        </gmd:DQ_ConformanceResult>
                    </gmd:result>
                </gmd:DQ_DomainConsistency>
            </gmd:report>
            <gmd:report>
                <gmd:DQ_DomainConsistency>
                    <gmd:result>
                        <gmd:DQ_ConformanceResult>
                            <gmd:specification>
                                <gmd:CI_Citation>
                                    <gmd:title>
                                    <gco:CharacterString>REGLAMENTO (CE) Nº 1205/2008 DE LA COMISIÓN de 3 de diciembre de 2008 por el que se ejecuta la Directiva 2007/2/CE del Parlamento Europeo y del Consejo en lo que se refiere a los metadatos</gco:CharacterString>
                                    </gmd:title>
                                    <gmd:date>
                                    <gmd:CI_Date>
                                    <gmd:date>
                                    <gco:Date>2008-12-04</gco:Date>
                                    </gmd:date>
                                    <gmd:dateType>
                                    <gmd:CI_DateTypeCode
                                    codeList="./resources/codeList.xml#CI_DateTypeCode" codeListValue="publication">publication</gmd:CI_DateTypeCode>
                                    </gmd:dateType>
                                    </gmd:CI_Date>
                                    </gmd:date>
                                </gmd:CI_Citation>
                            </gmd:specification>
                            <gmd:explanation>
                                <gco:CharacterString>Consultar el reglamento mencionado</gco:CharacterString>
                            </gmd:explanation>
                            <gmd:pass>
                                <gco:Boolean>true</gco:Boolean>
                            </gmd:pass>
                        </gmd:DQ_ConformanceResult>
                    </gmd:result>
                </gmd:DQ_DomainConsistency>
            </gmd:report>
            <gmd:lineage>
                <gmd:LI_Lineage>
                    <gmd:statement>
                        <gco:CharacterString>La Serie Cartográfica BCN500 se forma a partir de la BCN200 por generalización y sirve de base para la formación del Mapa de España a escala 1: 50000 (ME500). El objetivo de esta serie es disponer de una Base Cartográfica Nacional a escala 1: 500000 gestionada completamente con tecnología SIG. En la formación de la BCN500 se va a contar con tres orígenes de datos: BCN200, geometrías dgn de los trabajos que realizó Sitep para el ME500 (generalizadas de BCN200) y datos de MOCI (Mapa Oficial de Carreteras del Ministerio de Fomento, que provienen en origen de BCN200). Cada una de estas fuentes de datos tiene una estructura diferente y todas ellas deben converger en un único modelo de datos para BCN500. Las fases programadas para la formación de BCN500: 1.1. DISEÑO E IMPLEMENTACIÓN FÍSICA DE BCN500 1.1.1. MODELO DE APLICACIÓN 1.1.1.1. Modelo BCN/MAPA BCN200 v1.0 1.1.1.2. Modelo de datos BCN200 v3.0 1.1.1.3. Modelo de aplicación BCN500 1.1.2. CARACTERÍSTICAS Y CALIDAD DE LOS DATOS 1.1.2.1. Características de los datos 1.1.2.2. Calidad de los datos 1.1.2.3. Entidades y procedimientos de Entidades 1.1.3. CATÁLOGO BCN500. DESCRIPCIÓN 1.1.3.1. Descripción de las clases de entidad de BCN500 1.1.3.2. Dependencias espaciales entre entidades 1.1.4. DESARROLLO DE LA BCN500 1.1.4.1. Selección y clasificación de BCN200 1.1.4.2. Importación ficheros CAD 1.1.4.3. Selección y generalización ficheros MOCI 1.2. FORMACIÓN CARTOGRÁFICA 1.2.1. SIMBOLIZACIÓN LIGERA 1.2.2. DEPURACIÓN Y ACTUALIZACIÓN 1.2.2.1. Procedimiento y criterios de depuración 1.2.2.2. Procedimiento y criterios de actualización 1.2.3. FORMACIÓN: contenido de BCN500 1.2.3.1. Procedimientos y criterios de selección y verificación 1.2.3.2. Rotulación y Entidades virtuales 1.2.1. RESOLUCIÓN DE CONFLICTOS 1.2.2. INFORMACIÓN DE ALTIMETRÍA, BATIMETRÍA Y COBERTURAS DEL SUELO 1.2.2.1. Hipsometría y sombreado 1.2.2.2. Batimetría 1.2.2.3. Coberturas y sombreado 1.2.3. ETIQUETADO AUTOMÁTICO 1.3. REVISIÓN Y CONTROL </gco:CharacterString>
                    </gmd:statement>
                    <gmd:processStep>
                        <gmd:LI_ProcessStep>
                            <gmd:description>
                                <gco:CharacterString>DISEÑO E IMPLEMENTACIÓN FÍSICA DE BCN500: Diseño, redacción de especificaciones, implementación física y documentación de la base de datos</gco:CharacterString>
                            </gmd:description>
                        </gmd:LI_ProcessStep>
                    </gmd:processStep>
                    <gmd:processStep>
                        <gmd:LI_ProcessStep>
                            <gmd:description>
                                <gco:CharacterString>FORMACIÓN CARTOGRÁFICA: Generalización, depuración de la información, definición y verificación de contenidos, resolución de conflictos, generación de hipsometría, batimetría, sombreado y coberturas del suelo y etiquetado automático. </gco:CharacterString>
                            </gmd:description>
                        </gmd:LI_ProcessStep>
                    </gmd:processStep>
                    <gmd:processStep>
                        <gmd:LI_ProcessStep>
                            <gmd:description>
                                <gco:CharacterString>REVISIÓN Y CONTROL: Control del trabajo realizado. Se establece un control de integridad a priori del modelo de datos, se revisa contenido, coherencia semántica, geométrica terminando con una evaluación de la calidad sobre una muestra de datos para una evaluación posicional y temática de la información.</gco:CharacterString>
                            </gmd:description>
                        </gmd:LI_ProcessStep>
                    </gmd:processStep>
                    <gmd:source>
                        <gmd:LI_Source>
                            <gmd:description>
                                <gco:CharacterString>Base Cartográfica Nacional a escala 1: 200000: obtenida a partir de procesos de digitalización sobre imágenes SPOT con resolución de 2,5 m y adecuación de otras fuentes externas aplicando las especificaciones de BCN200 (modelo de datos, catálogos de entidades y simbología, diccionario de datos, normas de captura y control de calidad). Actualizada al año 2010. </gco:CharacterString>
                            </gmd:description>
                            <gmd:sourceExtent gco:nilReason="inapplicable"/>
                        </gmd:LI_Source>
                    </gmd:source>
					 <gmd:source>
                        <gmd:LI_Source>
                            <gmd:description>
                                <gco:CharacterString>Base Topográfica Nacional a escala 1: 100.000 (BTN100): Actualizada al año 2015, utilizada para la actualización de BCN500. </gco:CharacterString>
                            </gmd:description>
                            <gmd:sourceExtent gco:nilReason="inapplicable"/>
                        </gmd:LI_Source>
                    </gmd:source>
                    <gmd:source>
                        <gmd:LI_Source>
                            <gmd:description>
                                <gco:CharacterString>Ficheros CAD de la empresa SITEP: Se extrae toponimia y elementos lineales y superficiales excepto la red de carreteras que extraen del MOCI.</gco:CharacterString>
                            </gmd:description>
                            <gmd:sourceExtent gco:nilReason="inapplicable"/>
                        </gmd:LI_Source>
                    </gmd:source>
                    <gmd:source>
                        <gmd:LI_Source>
                            <gmd:description>
                                <gco:CharacterString>Mapa Oficial de Carreteras Interactivo (MOCI), 2011: Mapa Oficial de Carreteras producido en el Ministerio de Fomento en formato SIG de Geomedia.</gco:CharacterString>
                            </gmd:description>
                            <gmd:sourceExtent gco:nilReason="inapplicable"/>
                        </gmd:LI_Source>
                    </gmd:source>
					<gmd:source>
                        <gmd:LI_Source>
                            <gmd:description>
                                <gco:CharacterString>Mapa Oficial de Carreteras Interactivo (MOCI), 2015: Mapa Oficial de Carreteras producido en el Ministerio de Fomento en formato SIG de Geomedia.</gco:CharacterString>
                            </gmd:description>
                            <gmd:sourceExtent gco:nilReason="inapplicable"/>
                        </gmd:LI_Source>
                    </gmd:source>
                    <gmd:source>
                        <gmd:LI_Source>
                            <gmd:description>
                                <gco:CharacterString>Datos de poblaciones del Instituto Nacional de Estadística (INE), año 2009.</gco:CharacterString>
                            </gmd:description>
                            <gmd:sourceExtent gco:nilReason="inapplicable"/>
                        </gmd:LI_Source>
                    </gmd:source>
                    <gmd:source>
                        <gmd:LI_Source>
                            <gmd:description>
                                <gco:CharacterString>Mapa topográfico Nacional de España a escala 1:25000 y mapas provinciales publicados en papel, de la última edición impresa disponible  o la utilización del servidor del IGN (Iberpix) donde también están disponibles estas fuentes.</gco:CharacterString>
                            </gmd:description>
                            <gmd:sourceExtent gco:nilReason="inapplicable"/>
                        </gmd:LI_Source>
                    </gmd:source>
                    <gmd:source>
                        <gmd:LI_Source>
                            <gmd:description>
                                <gco:CharacterString>Base de datos de geomedia que almacena entidades virtuales (puntuales y lineales) capturadas a partir de láminas rasterizadas y georreferenciadas del Atlas de 1994. </gco:CharacterString>
                            </gmd:description>
                            <gmd:sourceExtent gco:nilReason="inapplicable"/>
                        </gmd:LI_Source>
                    </gmd:source>
                    <gmd:source>
                        <gmd:LI_Source>
                            <gmd:description>
                                <gco:CharacterString>La actualización de la toponimia se ha llevado a cabo mediante nomenclátores oficiales y normalizados: Registro de Entidades Locales (REL); Documento excel con nombres de CC.AA., provincias y sus capitales realizados por el IGN a partir de datos del REL, Estatutos de Autonomía y otros (2010); Nomenclátor Geográfico Conciso de España; Nomenclàtor oficial de toponímia major de Catalunya; Corpus Toponímic Valencià (2009); Nomenclátor oficial de Galicia; Toponima del País Vasco; Toponimia de Navarra; Nomenclátor Geográfico de Andalucía.</gco:CharacterString>
                            </gmd:description>
                            <gmd:sourceExtent gco:nilReason="inapplicable"/>
                        </gmd:LI_Source>
                    </gmd:source>
                </gmd:LI_Lineage>
            </gmd:lineage>
        </gmd:DQ_DataQuality>
    </gmd:dataQualityInfo>
</gmd:MD_Metadata>
<!--Metadata generated with CatMDEdit version 4.6.6-->
